loss,auroc
0.682746,0.750000
0.714264,0.000000
0.632226,1.000000
0.605064,1.000000
