loss,auroc
0.682746,0.750000
0.714264,0.000000
