eps,steps,auroc
0,0,0.6194700923323966
0,0,0.6194700923323966
0,5,0.6194700923323966
0,10,0.6194700923323966
2,0,0.48035728623042956
2,5,0.2986190285026094
2,10,0.2904134885588117
4,0,0.4090004014452027
4,5,0.15543556804496186
4,10,0.11179446005620232
6,0,0.3597029305499799
6,5,0.12075873143315936
6,10,0.041810517864311524
